Code;хЛЪ;нОХЯЮМХЕ;хмм;Parent_Key
0п-000036;"лсмхжхоюкэмне йюгеммне свпефдемхе ""жемрп онлных деръл-яхпнрюл х деръл, нярюбьхляъ аег оноевемхъ пндхрекеи хлемх х.х.яедюкхыебю"" лсмхжхоюкэмнцн пюинмю ""бепумебхкчияйхи скся (пюинм)"" пеяосакхйх яюую (ъйсрхъ)";жемрп онлных деръл-яхпнрюл лйс (ме ясыеярбсер!);0000000000;f70ace00-a231-11e9-83a1-005056c00008
ян-000002;;"мйн лнн ""рНМСЯ"" ОНЛНЫЭ ЯНЖ ЮДЮОРЮЖХХ ДЕРЪЛ ХМБЮКХДЮЛ";;f70ace00-a231-11e9-83a1-005056c00008
0п-000039;"лсмхжхоюкэмне ачдфермне наыенапюгнбюрекэмне свпефдемхе ""дюкшпяйюъ япедмъъ наыенапюгнбюрекэмюъ ьйнкю"" лсмхжхоюкэмнцн пюинмю ""бепумебхкчияйхи скся (пюинм)"" пеяосакхйх яюую (ъйсрхъ)";дюкшпяйюъ янь ланс;1407004402;f70ace00-a231-11e9-83a1-005056c00008
0п-000040;"лсмхжхоюкэмне ачдфермне свпефдемхе ""бепумебхкчияйхи днл мюпндмнцн рбнпвеярбю хл. о.м.рнаспнйнбю"" лсмхжхоюкэмнцн напюгнбюмхъ ""я.бепумебхкчияй"" пеяосакхйх яюую (ъйсрхъ)";ббдмр хл. о.м.рнаспнйнбю лас;1407006248;f70ace00-a231-11e9-83a1-005056c00008
0п-000041;"цнясдюпярбеммне ачдфермне свпефдемхе пеяосакхйх яюую (ъйсрхъ) ""бепумебхкчияйюъ жемрпюкэмюъ пюинммюъ анкэмхжю""";"цас пя (ъ) ""бепумебхкчияйюъ жпа""";1407001881;f70ace00-a231-11e9-83a1-005056c00008
0п-000042;"яекэяйюъ юдлхмхярпюжхъ лсмхжхоюкэмнцн напюгнбюмхъ ""яекн бепумебхкчияй"" лсмхжхоюкэмнцн пюинмю ""бепумебхкчияйхи скся (пюинм)"" пеяосакхйх яюую (ъйсрхъ)";"яекэяйюъ юдлхмхярпюжхъ лн ""я. бепумебхкчияй""";1407006079;f70ace00-a231-11e9-83a1-005056c00008
0п-000043;"лсмхжхоюкэмне ачдфермне наыенапюгнбюрекэмне свпефдемхе ""бепумебхкчияйюъ япедмъъ наыенапюгнбюрекэмюъ ьйнкю ╧1 хл. х.аюпюунбю я сцксакеммшл хгсвемхел нрдекэмшу опедлернб"" лсмхжхоюкэмнцн пюинмю ""бепумебхкчияйхи скся (пюинм)"" пеяосакхйх яюую (ъйсрхъ)";бепумебхкчияйюъ янь ╧1 хл. х. аюпюунбю ланс;1407004561;f70ace00-a231-11e9-83a1-005056c00008
0п-000044;"юдлхмхярпюжхъ лсмхжхоюкэмнцн напюгнбюмхъ ""аюкюцюммюуяйхи мюякец"" бепумебхкчияйнцн сксяю (пюинмю) пеяосакхйх яюую (ъйсрхъ)";"юдлхмхярпюжхъ лн ""аюкюцюммюуяйхи мюякец""";1407005981;f70ace00-a231-11e9-83a1-005056c00008
0п-000045;"лсмхжхоюкэмне ачдфермне дньйнкэмне напюгнбюрекэмне свпефдемхе ""жемрп пюгбхрхъ пеаемйю - деряйхи яюд ""рсцсрвююм"""" лсмхжхоюкэмнцн пюинмю ""бепумебхкчияйхи скся (пюинм)"" пеяосакхйх яюую (ъйсрхъ)""";жпп - д/я рсцсрвююм ладнс;1407004628;f70ace00-a231-11e9-83a1-005056c00008
0п-000046;"юдлхмхярпюжхъ лсмхжхоюкэмнцн напюгнбюмхъ ""мюляйхи мюякец"" бепумебхкчияйнцн сксяю (пюинмю) пеяосакхйх яюую (ъйсрхъ)";"юдлхмхярпюжхъ лн ""мюляйхи мюякец"" бепумебхкчияйнцн сксяю (пюинмю) пя(ъ)";1407006142;f70ace00-a231-11e9-83a1-005056c00008
0п-000047;"юдлхмхярпюжхъ лсмхжхоюкэмнцн напюгнбюмхъ ""лщихйяйхи мюякец"" бепумебхкчияйнцн сксяю (пюинмю) пеяосакхйх яюую (ъйсрхъ)";"юдлхмхярпюжхъ лсмхжхоюкэмнцн напюгнбюмхъ ""лщихйяйхи мюякец""";1407006047;f70ace00-a231-11e9-83a1-005056c00008
0п-000048;"лсмхжхоюкэмне юбрнмнлмне свпефдемхе ""жемрп мюпндмнцн рбнпвеярбю"" лсмхжхоюкэмнцн пюинмю ""бепумебхкчияйхи скся (пюинм)""";люс жмр;1407008037;f70ace00-a231-11e9-83a1-005056c00008
0п-000049;"лсмхжхоюкэмне ачдфермне свпефдемхе ""ашпюйюмяйхи жемрп рпюдхжхнммни йскэрспш"" лсмхжхоюкэмнцн напюгнбюмхъ ""ашпюйюмяйхи мюякец""";ашпюйюмяйхи жрй лас;1407006946;f70ace00-a231-11e9-83a1-005056c00008
0п-000050;"юдлхмхярпюжхъ лсмхжхоюкэмнцн напюгнбюмхъ ""нпнясмяйхи мюякец"" бепумебхкчияйнцн сксяю (пюинмю) пеяосакхйх яюую (ъйсрхъ)";"юдлхмхярпюжхъ лн ""нпнясмяйхи мюякец""";1407006093;f70ace00-a231-11e9-83a1-005056c00008
0п-000051;"лсмхжхоюкэмне ачдфермне свпефдемхе ""аюкюцюммюуяйхи жемрп йскэрспш"" лсмхжхоюкэмнцн напюгнбюмхъ ""аюкюцюммюуяйхи мюякец""";аюкюцюммюуяйхи жй лас;1407007160;f70ace00-a231-11e9-83a1-005056c00008
0п-000052;"цнясдюпярбеммне ачдфермне опнтеяяхнмюкэмне напюгнбюрекэмне свпефдемхе пеяосакхйх яюую (ъйсрхъ) ""бепумебхкчияйхи реумхйсл""";"цаонс пя (ъ) ""бепумебхкчияйхи реумхйсл""";1407001049;f70ace00-a231-11e9-83a1-005056c00008
0п-000053;"лсмхжхоюкэмне йюгеммне свпефдемхе  ""сопюбкемхе напюгнбюмхъ"" лсмхжхоюкэмнцн пюинмю ""бепумебхкчияйхи скся (пюинм)"" пеяосакхйх яюую (ъйсрхъ)";сопюбкемхе напюгнбюмхъ лйс;1407005540;f70ace00-a231-11e9-83a1-005056c00008
0п-000054;"мюякефмюъ юдлхмхярпюжхъ лсмхжхоюкэмнцн напюгнбюмхъ ""едчцеияйхи мюякец""";"мюякефмюъ юдлхмхярпюжхъ лн ""едчцеияйхи мюякец""";1407005935;f70ace00-a231-11e9-83a1-005056c00008
0п-000055;"лсмхжхоюкэмне ачдфермне наыенапюгнбюрекэмне свпефдемхе ""унлсярюуяйюъ нямнбмюъ наыенапюгнбюрекэмюъ ьйнкю хл. м. ю. цюашьебю"" лсмхжхоюкэмнцн пюинмю ""бепумебхкчияйхи скся (пюинм)"" пеяосакхйю яюую (ъйсрхъ)";унлсярюуяйюъ ннь хл. м. ю. цюашьебю ланс;1407004378;f70ace00-a231-11e9-83a1-005056c00008
0п-000056;"лсмхжхоюкэмне ачдфермне наыенапюгнбюрекэмне свпефдемхе ""уюпаюкюуяйюъ япедмъъ наыенапюгнбюрекэмюъ ьйнкю хлемх м.ц.гнкнрюпебю-ъйсряйнцн"" лсмхжхоюкэмнцн пюинмю ""бепумебхкчияйхи скся (пюинм)"" пеяосакхйх яюую (ъйсрхъ)";уюпаюкюуяйюъ янь хл. м.ц.ъйсряйнцн-гнкнрюпебю ланс;1407004498;f70ace00-a231-11e9-83a1-005056c00008
0п-000057;"лсмхжхоюкэмне ачдфермне свпефдемхе ""рюлюкюйюмяйне йскэрспмн-днясцнбне свпефдемхе"" лсмхжхоюкэмнцн напюгнбюмхъ ""рюлюкюйюмяйхи мюякец"" бепумебхкчияйнцн сксяю (пюинмю)";рюлюкюйюмяйне йдс лас;1407007393;f70ace00-a231-11e9-83a1-005056c00008
0п-000058;"лсмхжхоюкэмне ачдфермне наыенапюгнбюрекэмне свпефдемхе ""мюляйюъ япедмъъ наыенапюгнбюрекэмюъ ьйнкю хлемх о.м. рнаспнйнбю"" лсмхжхоюкэмнцн пюинмю ""бепумебхкчияйхи скся (пюинм)"" пеяосакхйх яюую (ъйсрхъ)";ланс мюляйюъ янь хл. о.м. рнаспнйнбю;1407004219;f70ace00-a231-11e9-83a1-005056c00008
0п-000059;"лсмхжхоюкэмне ачдфермне свпефдемхе ""яспцсксйяйне йскэрспмн-днясцнбне свпефдемхе"" лсмхжхоюкэмнцн напюгнбюмхъ ""яспцсксйяйхи мюякец""";яспцсксйяйне йдс лас;1407007097;f70ace00-a231-11e9-83a1-005056c00008
0п-000060;"юдлхмхярпюжхъ лсмхжхоюкэмнцн напюгнбюмхъ ""рюлюкюйюмяйхи мюякец""";"юдлхмхярпюжхъ лн ""рюлюкюйюмяйхи мюякец""";1407006061;f70ace00-a231-11e9-83a1-005056c00008
0п-000061;"лсмхжхоюкэмне ачдфермне дньйнкэмне напюгнбюрекэмне свпефдемхе ""жемрп пюгбхрхъ пеаемйю - деряйхи яюд ╧2 ""репелнй"" лсмхжхоюкэмнцн пюинмю ""бепумебхкчияйхи скся (пюинм)"" пеяосакхйх яюую (ъйсрхъ)";жпп - деряйхи яюд ╧2 репелнй ладнс;1407004748;f70ace00-a231-11e9-83a1-005056c00008
0п-000063;"юдлхмхярпюжхъ лсмхжхоюкэмнцн напюгнбюмхъ ""уюпаюкюуяйхи мюякец"" бепумебхкчияйнцн сксяю (пюинмю) пеяосакхйх яюую (ъйсрхъ)";"юдлхмхярпюжхъ лн ""уюпаюкюуяйхи мюякец""";1407006054;f70ace00-a231-11e9-83a1-005056c00008
0п-000064;"цнясдюпярбеммне йюгеммне свпефдемхе пеяосакхйх яюую (ъйсрхъ) ""бепумебхкчияйхи жемрп яндеиярбхъ яелеимнлс бняохрюмхч хл. х.х. яедюкхыебю";цйс бжяяб ХЛ. яЕДЮКХЫЕБЮ;1407004321;f70ace00-a231-11e9-83a1-005056c00008
0п-000065;"лсмхжхоюкэмне ачдфермне свпефдемхе днонкмхрекэмнцн напюгнбюмхъ ""деряйхи реумноюпй"" лсмхжхоюкэмнцн пюинмю ""бепумебхкчияйхи скся (пюинм)"" пеяосакхйх яюую (ъйсрхъ)";деряйхи реумноюпй;1407008492;f70ace00-a231-11e9-83a1-005056c00008
0п-000066;"лсмхжхоюкэмне ачдфермне дньйнкэмне напюгнбюрекэмне свпефдемхе ""деряйхи яюд ╧4 йнлахмхпнбюммнцн бхдю ""яюпдююмю"" лсмхжхоюкэмнцн пюинмю ""бепумебхкчияйхи скся (пюинм)"" пеяосакхйх яюую (ъйсрхъ)";деряйхи яюд ╧4 яюпдююмю ладнс;1407004723;f70ace00-a231-11e9-83a1-005056c00008
0п-000067;"лсмхжхоюкэмне ачдфермне дньйнкэмне напюгнбюрекэмне свпефдемхе ""деряйхи яюд ""яюишшмю"" лсмхжхоюкэмнцн пюинмю ""бепумебхкчияйхи скся (пюинм)"" пеяосакхйх яюую (ъйсрхъ)";"ладнс д/я ""яюишшмю""";1407004709;f70ace00-a231-11e9-83a1-005056c00008
0п-000068;"юдлхмхярпюжхъ лсмхжхоюкэмнцн напюгнбюмхъ ""нмунияйхи мюякец""";"юдлхмхярпюжхъ лн ""нмунияйхи мюякец""";1407006086;f70ace00-a231-11e9-83a1-005056c00008
0п-000069;"лсмхжхоюкэмне ачдфермне дньйнкэмне напюгнбюрекэмне свпефдемхе ""дчккчйхмяйхи жемрп пюгбхрхъ пеаемйю - деряйхи яюд ""йсярсй"" лсмхжхоюкэмнцн пюинмю ""бепумебхкчияйхи скся (пюинм)"" пеяосакхйх яюую (ъйсрхъ)";дчккчйхмяйхи жпп - д/я йсярсй ладнс;1407004716;f70ace00-a231-11e9-83a1-005056c00008
0п-000070;лсмхжхоюкэмне ачдфермне свпефдемхе бепумебхкчияйхи лсгеи хярнпхх х щрмнцпютхх;лас бблхщ;1407005692;f70ace00-a231-11e9-83a1-005056c00008
0п-000071;"лсмхжхоюкэмне ачдфермне свпефдемхе ""нпцеряйхи йскэрспмн-яонпрхбмши йнлокейя"" лсмхжхоюкэмнцн напюгнбюмхъ ""нпцеряйхи мюякец"" бепумебхкчияйнцн сксяю (пюинмю) пеяосакхйх яюую (ъйсрхъ)";нпцеряйхи йяй лас;1407007386;f70ace00-a231-11e9-83a1-005056c00008
0п-000072;"юдлхмхярпюжхъ лсмхжхоюкэмнцн напюгнбюмхъ ""люцюяяйхи мюякец"" бепумебхкчияйнцн сксяю (пюинмю) пеяосакхйх яюую (ъйсрхъ)";"юдлхмхярпюжхъ лсмхжхоюкэмнцн напюгнбюмхъ ""люцюяяйхи мюякец"" бепумебхкчияйнцн сксяю (пюинмю) пеяосакх";1407005967;f70ace00-a231-11e9-83a1-005056c00008
0п-000073;"лсмхжхоюкэмне ачдфермне дньйнкэмне напюгнбюрекэмне свпефдемхе ""жемрп пюгбхрхъ пеаемйю - деряйхи яюд ╧ 7 ""яйюгйю"" лсмхжхоюкэмнцн пюинмю ""бепумебхкчияйхи скся (пюинм)"" пеяосакхйх яюую (ъйсрхъ)";жпп - деряйхи яюд ╧ 7 яйюгйю ладнс;1407004770;f70ace00-a231-11e9-83a1-005056c00008
0п-000074;"лсмхжхоюкэмне ачдфермне дньйнкэмне напюгнбюрекэмне свпефдемхе ""жемрп пюгбхрхъ пеаемйю - деряйхи яюд ╧1 ""мэспцсясм"" лсмхжхоюкэмнцн пюинмю ""бепумебхкчияйхи скся (пюинм)"" пеяосакхйх яюую (ъйсрхъ)";жпп - д/я ╧1 мэспцсясм ладнс;1407004843;f70ace00-a231-11e9-83a1-005056c00008
0п-000075;"лсмхжхоюкэмне ачдфермне наыенапюгнбюрекэмне свпефдемхе ""аюкюцюммюуяйюъ нямнбмюъ наыенапюгнбюрекэмюъ ьйнкю"" лсмхжхоюкэмнцн пюинмю ""бепумебхкчияйхи скся (пюинм)"" пеяосакхйх яюую (ъйсрхъ)";аюкюцюммюуяйюъ ннь ланс;1407004360;f70ace00-a231-11e9-83a1-005056c00008
0п-000076;"лсмхжхоюкэмне ачдфермне дньйнкэмне напюгнбюрекэмне свпефдемхе ""деряйхи яюд ""вщвхп"" лсмхжхоюкэмнцн пюинмю ""бепумебхкчияйхи скся (пюинм)"" пеяосакхйх яюую (ъйсрхъ)";"ладнс - д/я ""вщвхп""";1407004610;f70ace00-a231-11e9-83a1-005056c00008
0п-000077;"лсмхжхоюкэмне ачдфермне наыенапюгнбюрекэмне свпефдемхе ""рнасхмяйюъ япедмъъ наыенапюгнбюрекэмюъ ьйнкю"" лсмхжхоюкэмнцн пюинмю ""бепумебхкчияйхи скся (пюинм)"" пеяосакхйх яюую (ъйсрхъ)";рнасхмяйюъ янь ланс;1407004339;f70ace00-a231-11e9-83a1-005056c00008
0п-000078;"лсмхжхоюкэмне ачдфермне свпефдемхе ""нпнясмяйне йскэрспмн-днясцнбне свпефдемхе лсмхжхоюкэмнцн напюгнбюмхъ ""нпнясмяйхи мюякец"" лп ""бепумебхкчияйхи скся (пюинм)"" пя(ъ)";нпнясмяйне йдс лас;1407007379;f70ace00-a231-11e9-83a1-005056c00008
0п-000080;"лсмхжхоюкэмне ачдфермне свпефдемхе ""йскэрспмн-дсунбмши жемрп"" лсмхжхоюкэмнцн напюгнбюмхъ ""йщмрхйяйхи мюякец""";йщмрхйяйхи йдж лн йщмрхйяйхи мюякец лас;1407007442;f70ace00-a231-11e9-83a1-005056c00008
0п-000081;"мейнллепвеяйюъ нпцюмхгюжхъ ""тнмд яндеиярбхъ янжхюкэмн-щйнмнлхвеяйнлс пюгбхрхч лсмхжхоюкэмнцн пюинмю ""бепумебхкчияйхи скся (пюинм)"" пеяосакхйх яюую (ъйсрхъ)""";тнмд яндеиярбхъ ящп лп мйн;1407990032;f70ace00-a231-11e9-83a1-005056c00008
0п-000082;"юдлхмхярпюжхъ лсмхжхоюкэмнцн напюгнбюмхъ ""йщмрхйяйхи мюякец""";"юдлхмхярпюжхъ лн ""йщмрхйяйхи мюякец""";1407005999;f70ace00-a231-11e9-83a1-005056c00008
0п-000083;"юдлхмхярпюжхъ лсмхжхоюкэмнцн напюгнбюмхъ ""анрсксмяйхи мюякец"" бепумебхкчияйнцн сксяю (пюинмю) пеяосакхйх яюую (ъйсрхъ)";"юдлхмхярпюжхъ лн ""анрсксмяйхи мюякец""";1407005942;f70ace00-a231-11e9-83a1-005056c00008
0п-000084;бепумебхкчияйюъ сксямюъ реппхрнпхюкэмюъ нпцюмхгюжхъ пняяхияйнцн опнтянчгю пюанрмхйнб йскэрспш;опнтянчг пюанрмхйнб йскэрспш бепумебхкчияйнцн сксяю;1407005607;f70ace00-a231-11e9-83a1-005056c00008
0п-000086;"лсмхжхоюкэмне ачдфермне дньйнкэмне напюгнбюрекэмне свпефдемхе ""деряйхи яюд ""рсяйск"" лсмхжхоюкэмнцн пюинмю ""бепумебхкчияйхи скся (пюинм)"" пеяосакхйх яюую (ъйсрхъ)
ладнс рсяйск дюкшп";ладнс рсяйск дюкшп;1407004811;f70ace00-a231-11e9-83a1-005056c00008
0п-000087;"лсмхжхоюкэмне ачдфермне наыенапюгнбюрекэмне свпефдемхе ""йщмрхйяйюъ япедмъъ наыенапюгнбюрекэмюъ ьйнкю хлемх м.й. яедюкхыебю-дэсщцщ ююмшяршшпнбю"" лсмхжхоюкэмнцн пюинмю ""бепумебхкчияйхи скся (пюинм)"" пеяосакхйх яюую (ъйсрхъ)";йщмрхйяйюъ янь ланс;1407004177;f70ace00-a231-11e9-83a1-005056c00008
0п-000088;"лсмхжхоюкэмне ачдфермне дньйнкэмне напюгнбюрекэмне свпефдемхе ""деряйхи яюд ╧9 ""рскксйвююм"" лсмхжхоюкэмнцн пюинмю ""бепумебхкчияйхи скся (пюинм)"" пеяосакхйх яюую (ъйсрхъ)";деряйхи яюд ╧ 9 рскксйвююм ладнс (ме ясыеярбсер!);1407004804;f70ace00-a231-11e9-83a1-005056c00008
0п-000089;"лсмхжхоюкэмне ачдфермне дньйнкэмне напюгнбюрекэмне свпефдемхе ""жемрп пюгбхрхъ пеаемйю - деряйхи яюд ╧ 5 ""йщмвщщпх"" лсмхжхоюкэмнцн пюинмю ""бепумебхкчияйхи скся (пюинм)"" пеяосакхйх яюую (ъйсрхъ)";жпп-деряйхи яюд ╧5 йщмвщщпх ладнс;1407004787;f70ace00-a231-11e9-83a1-005056c00008
0п-000090;"лсмхжхоюкэмне ачдфермне дньйнкэмне напюгнбюрекэмне свпефдемхе ""деряйхи яюд ╧6 йнлахмхпнбюммнцн бхдю ""янкмшьйн"" лсмхжхоюкэмнцн пюинмю ""бепумебхкчияйхи скся (пюинм)"" пеяосакхйх яюую (ъйсрхъ)";деряйхи яюд ╧6 янкмшьйн ладнс;1407004755;f70ace00-a231-11e9-83a1-005056c00008
0п-000091;"лсмхжхоюкэмне ачдфермне свпефдемхе ""унлсярюуяйне йскэрспмн-днясцнбне свпефдемхе"" лсмхжхоюкэмнцн напюгнбюмхъ ""унлсярюуяйхи мюякец"" бепумебхкчияйнцн сксяю (пюинмю)";унлсярюуяйне йдс лас;1407007146;f70ace00-a231-11e9-83a1-005056c00008
0п-000092;"лсмхжхоюкэмне ачдфермне свпефдемхе ""анрсксмяйне йскэрспмн-днясцнбне свпефдемхе"" лсмхжхоюкэмнцн напюгнбюмхъ ""анрсксмяйхи мюякец""";анрсксмяйне йдс;1407007114;f70ace00-a231-11e9-83a1-005056c00008
0п-000093;"лсмхжхоюкэмне ачдфермне наыенапюгнбюрекэмне свпефдемхе ""лщихйяйюъ нямнбмюъ наыенапюгнбюрекэмюъ ьйнкю"" лсмхжхоюкэмнцн пюинмю ""бепумебхкчияйхи скся (пюинм)"" пеяосакхйх яюую (ъйсрхъ)";лщихйяйюъ ннь ланс;1407004385;f70ace00-a231-11e9-83a1-005056c00008
0п-000094;"лсмхжхоюкэмне ачдфермне наыенапюгнбюрекэмне свпефдемхе ""бепумебхкчияйюъ япедмъъ наыенапюгнбюрекэмюъ ьйнкю хлемх ч.м. опнйноэебю"" лсмхжхоюкэмнцн пюинмю ""бепумебхкчияйхи скся (пюинм)"" пеяосакхйх яюую (ъйсрхъ)";ббянь хл. ч.м. опнйноэебю ланс;1407004530;f70ace00-a231-11e9-83a1-005056c00008
0п-000095;"лсмхжхоюкэмне ачдфермне наыенапюгнбюрекэмне свпефдемхе ""бепумебхкчияйюъ япедмъъ наыенапюгнбюрекэмюъ ьйнкю ╧2 хлемх л.р. ецнпнбю я еяреярбеммн - мюсвмшл мюопюбкемхел"" лсмхжхоюкэмнцн пюинмю ""бепумебхкчияйхи скся (пюинм)"" пеяосакхйх яюую (ъйсрхъ)";ланс ббянь ╧2 хл. л.р. ецнпнбю;1407004441;f70ace00-a231-11e9-83a1-005056c00008
0п-000096;"лсмхжхоюкэмне ачдфермне наыенапюгнбюрекэмне свпефдемхе ""бепумебхкчияйюъ япедмъъ наыенапюгнбюрекэмюъ ьйнкю ╧4 хл. д. я. яохпхднмнбю"" лп ""бепумебхкчияйхи скся(пюинм)"" пеяосакхйх яюую(ъйсрхъ)";ланс ббянь ╧4;1407004522;f70ace00-a231-11e9-83a1-005056c00008
0п-000097;"лсмхжхоюкэмне йюгеммне свпефдемхе ""деоюпрюлемр йскэрспш х дсунбмнцн пюгбхрхъ"" лсмхжхоюкэмнцн пюинмю ""бепумебхкчияйхи скся (пюинм)"" пеяосакхйх яюую (ъйсрхъ)";лйс деоюпрюлемр йскэрспш х дсунбмнцн пюгбхрхъ;1407008044;f70ace00-a231-11e9-83a1-005056c00008
0п-000098;"юдлхмхярпюжхъ лсмхжхоюкэмнцн напюгнбюмхъ ""нпцеряйхи мюякец"" бепумебхкчияйнцн сксяю (пюинмю) пеяосакхйх яюую (ъйсрхъ)";"юдлхмхярпюжхъ лн ""нпцеряйхи мюякец""";1407006135;f70ace00-a231-11e9-83a1-005056c00008
0п-000099;"лсмхжхоюкэмне ачдфермне свпефдемхе днонкмхрекэмнцн напюгнбюмхъ ""жемрп деряйнцн рбнпвеярбю ""рсяйск"" лсмхжхоюкэмнцн пюинмю ""бепумебхкчияйхи скся (пюинм)"" пеяосакхйх яюую (ъйсрхъ)";ждр рсяйск лас дн;1407005131;f70ace00-a231-11e9-83a1-005056c00008
0п-000100;"цнясдюпярбеммне ачдфермне свпефдемхе пеяосакхйх яюую (ъйсрхъ) ""сопюбкемхе  берепхмюпхх я берепхмюпмн-хяошрюрекэмни кюанпюрнпхеи бепумебхкчияйнцн сксяю (пюинмю)""";сопюбкемхе берепхмюпхх я бхк бепумебхкчияйнцн сксяю (пюинмю) цас;1407000214;f70ace00-a231-11e9-83a1-005056c00008
0п-000101;"лсмхжхоюкэмне ачдфермне наыенапюгнбюрекэмне свпефдемхе ""люцюяяйюъ япедмъъ наыенапюгнбюрекэмюъ ьйнкю"" лсмхжхоюкэмнцн пюинмю ""бепумебхкчияйхи скся (пюинм)"" пеяосакхйх яюую (ъйсрхъ)";люцюяяйюъ янь ланс;1407004410;f70ace00-a231-11e9-83a1-005056c00008
0п-000102;"лсмхжхоюкэмне ачдфермне дньйнкэмне напюгнбюрекэмне свпефдемхе ""мюляйхи жемрп пюгбхрхъ пеаемйю - деряйхи яюд ""йщмвщщпх"" лсмхжхоюкэмнцн пюинмю ""бепумебхкчияйхи скся (пюинм)"" пеяосакхйх яюую (ъйсрхъ)";мюляйхи жпп - деряйхи яюд йщмвщщпх ладнс;1407004667;f70ace00-a231-11e9-83a1-005056c00008
0п-000103;"лсмхжхоюкэмне ачдфермне дньйнкэмне напюгнбюрекэмне свпефдемхе ""жемрп пюгбхрхъ пеаемйю - деряйхи яюд ╧3 ""спсищвщщм"" лсмхжхоюкэмнцн пюинмю ""бепумебхкчияйхи скся (пюинм)"" пеяосакхйх яюую (ъйсрхъ)""";жпп - д/я ╧3 спсищвщщм ладнс;1407004635;f70ace00-a231-11e9-83a1-005056c00008
0п-000104;"лсмхжхоюкэмне ачдфермне дньйнкэмне напюгнбюрекэмне свпефдемхе ""жемрп пюгбхрхъ пеаемйю - деряйхи яюд ╧ 8 ""юкемсьйю"" лсмхжхоюкэмнцн пюинмю ""бепумебхкчияйхи скся (пюинм)"" пеяосакхйх яюую (ъйсрхъ)";жпп - д/я ╧ 8 юкемсьйю ладнс рЧКЪУНБЮ.к.х;1407004762;f70ace00-a231-11e9-83a1-005056c00008
0п-000105;"лсмхжхоюкэмне ачдфермне дньйнкэмне напюгнбюрекэмне свпефдемхе - деряйхи яюд  опхялнрпю х нгднпнбкемхъ ""яххахйрщ"" лсмхжхоюкэмнцн пюинмю ""бепумебхкчияйхи скся (пюинм)"" пеяосакхйх яюую (ъйсрхъ)";"ладнс-деряйхи яюд ""яххахйрщ""";1407004650;f70ace00-a231-11e9-83a1-005056c00008
0п-000106;"лсмхжхоюкэмне ачдфермне дньйнкэмне напюгнбюрекэмне свпефдемхе ""жемрп пюгбхрхъ пеаемйю - деряйхи яюд ""йщяйхк"""" лсмхжхоюкэмнцн пюинмю ""бепумебхкчияйхи скся (пюинм)"" пеяосакхйх яюую (ъйсрхъ)""";жпп - д/я йщяйхк ладнс;1407004642;f70ace00-a231-11e9-83a1-005056c00008
0п-000107;"лсмхжхоюкэмне ачдфермне дньйнкэмне напюгнбюрекэмне свпефдемхе ""деряйхи яюд ""йсмвщщм"" лсмхжхоюкэмнцн пюинмю ""бепумебхкчияйхи скся (пюинм)"" пеяосакхйх яюую (ъйсрхъ)";деряйхи яюд йсмвщщм ладнс;1407004794;f70ace00-a231-11e9-83a1-005056c00008
0п-000108;"лсмхжхоюкэмне ачдфермне дньйнкэмне напюгнбюрекэмне свпефдемхе ""деряйхи яюд ""вснпююмвшй"" лсмхжхоюкэмнцн пюинмю ""бепумебхкчияйхи скся (пюинм)"" пеяосакхйх яюую (ъйсрхъ)";деряйхи яюд вснпююмвшй ладнс;1407004730;f70ace00-a231-11e9-83a1-005056c00008
0п-000109;"лсмхжхоюкэмне ачдфермне дньйнкэмне напюгнбюрекэмне свпефдемхе ""деряйхи яюд ""уюршмвююмю"" лсмхжхоюкэмнцн пюинмю ""бепумебхкчияйхи скся (пюинм)"" пеяосакхйх яюую (ъйсрхъ)";уюршмвююмю ладнс;1407004868;f70ace00-a231-11e9-83a1-005056c00008
0п-000110;бепумебхкчияйюъ сксямюъ реппхрнпхюкэмюъ нпцюмхгюжхъ опнтеяяхнмюкэмнцн янчгю пюанрмхйнб мюпндмнцн напюгнбюмхъ х мюсйх пняяхияйни тедепюжхх;бепумебхкчияйхи сксямши опнтянчг пюанрмхйнб напюгнбюмхъ х мюсйх пт;1407005156;f70ace00-a231-11e9-83a1-005056c00008
0п-000111;"лсмхжхоюкэмне ачдфермне наыенапюгнбюрекэмне свпефдемхе ""ашпюйюмяйюъ нямнбмюъ наыенапюгнбюрекэмюъ ьйнкю"" лсмхжхоюкэмнцн пюинмю ""бепумебхкчияйхи скся (пюинм)"" пеяосакхйх яюую (ъйсрхъ)";ашпюйюмяйюъ ннь ланс;1407004554;f70ace00-a231-11e9-83a1-005056c00008
ян-000005;;сОПЮБКЕМХЕ ЯСДЕАМНЦН дЕОЮПРЮЛЕМРЮ пя(ъ);;f70ace00-a231-11e9-83a1-005056c00008
0п-000116;"юдлхмхярпюжхъ лсмхжхоюкэмнцн пюинмю ""бепумебхкчияйхи скся (пюинм)"" пеяосакхйх яюую (ъйсрхъ)";"юдлхмхярпюжхъ лп ""бепумебхкчияйхи скся (пюинм)"" пя (ъ)";1407005163;f70ace00-a231-11e9-83a1-005056c00008
0п-000117;"лсмхжхоюкэмне йюгеммне свпефдемхе ""йнлхрер он сопюбкемхч лсмхжхоюкэмшл хлсыеярбнл"" лсмхжхоюкэмнцн пюинмю ""бепумебхкчияйхи скся (пюинм)"" пеяосакхйх яюую (ъйсрхъ)";лйс йслх;1407006840;f70ace00-a231-11e9-83a1-005056c00008
0п-000118;"сопюбкемхе тхмюмянб юдлхмхярпюжхх лсмхжхоюкэмнцн пюинмю ""бепумебхкчияйхи скся (пюинм)"" пеяосакхйх яюую (ъйсрхъ)";сопюбкемхе тхмюмянб бепумебхкчияйнцн сксяю (пюинмю);1407007876;f70ace00-a231-11e9-83a1-005056c00008
0п-000119;"лсмхжхоюкэмне ачдфермне свпефдемхе ""сопюбкемхе тхгхвеяйни йскэрспш х яонпрю"" лсмхжхоюкэмнцн пюинмю ""бепумебхкчияйхи скся (пюинм)"" пеяосакхйх яюую (ъйсрхъ)";сопюбкемхе тйхя лас;1407007890;f70ace00-a231-11e9-83a1-005056c00008
0п-000120;"лсмхжхоюкэмне ачдфермне свпефдемхе днонкмхрекэмнцн напюгнбюмхъ ""бепумебхкчияйюъ деряйюъ ьйнкю хяйсяярб хлемх м.х. аникнунбю"" лсмхжхоюкэмнцн пюинмю ""бепумебхкчияйхи скся (пюинм)"" пеяосакхйх яюую (ъйсрхъ)";лас дн бб дьх хл. м. х. аникнунбю;1407006008;f70ace00-a231-11e9-83a1-005056c00008
0п-000121;"лсмхжхоюкэмне ачдфермне наыенапюгнбюрекэмне свпефдемхе ""анрскхмяйюъ япедмъъ наыенапюгнбюрекэмюъ ьйнкю"" лсмхжхоюкэмнцн пюинмю ""бепумебхкчияйхи скся (пюинм)"" пеяосакхйх яюую (ъйсрхъ)";анрскхмяйюъ янь ланс;1407004466;f70ace00-a231-11e9-83a1-005056c00008
0п-000122;"лсмхжхоюкэмне ачдфермне наыенапюгнбюрекэмне свпефдемхе ""нмунияйюъ нямнбмюъ наыенапюгнбюрекэмюъ ьйнкю хл. я.о.теднрнбю"" лсмхжхоюкэмнцн пюинмю ""бепумебхкчияйхи скся (пюинм)"" пеяосакхйх яюую (ъйсрхъ)";нмунияйюъ ннь хл. я.о.теднрнбю ланс;1407004459;f70ace00-a231-11e9-83a1-005056c00008
0п-000123;"лсмхжхоюкэмне ачдфермне наыенапюгнбюрекэмне свпефдемхе ""унпхмяйюъ япедмъъ наыенапюгнбюрекэмюъ ьйнкю хлемх ц.м. вхпъебю я сцксакеммшл хгсвемхел нрдекэмшу опедлернб"" лсмхжхоюкэмнцн пюинмю ""бепумебхкчияйхи скся (пюинм)"" пеяосакхйх яюую (ъйсрхъ)";унпхмяйюъ янь хл. ц.м. вхпъебю ланс;1407004579;f70ace00-a231-11e9-83a1-005056c00008
0п-000124;"юдлхмхярпюжхъ лсмхжхоюкэмнцн напюгнбюмхъ ""дчккчйхмяйхи мюякец""";"юдлхмхярпюжхъ лн ""дчккчйхмяйхи мюякец""";1407005974;f70ace00-a231-11e9-83a1-005056c00008
0п-000125;"юдлхмхярпюжхъ лсмхжхоюкэмнцн напюгнбюмхъ ""унлсярюуяйхи мюякец бепумебхкчияйнцн сксяю""";"юдлхмхярпюжхъ лн ""унлсярюуяйхи мюякец бепумебхкчияйнцн сксяю""";1407006030;f70ace00-a231-11e9-83a1-005056c00008
0п-000126;"юдлхмхярпюжхъ лсмхжхоюкэмнцн напюгнбюмхъ ""дюкшпяйхи мюякец""";"юдлхмхярпюжхъ лн ""дюкшпяйхи мюякец""";1407006015;f70ace00-a231-11e9-83a1-005056c00008
0п-000127;"юдлхмхярпюжхъ лсмхжхоюкэмнцн напюгнбюмхъ ""йшпшйшияйхи мюякец"" бепумебхкчияйнцн сксяю (пюинмю) пеяосакхйх яюую (ъйсрхъ)";"юдлхмхярпюжхъ лн ""йшпшйшияйхи мюякец""";1407006110;f70ace00-a231-11e9-83a1-005056c00008
0п-000128;"лсмхжхоюкэмне ачдфермне свпефдемхе ""лсгеи-ахакхнрейю хлемх о.м.рнаспнйнбю""";ла омр лас;1407007629;f70ace00-a231-11e9-83a1-005056c00008
0п-000129;"лсмхжхоюкэмне ачдфермне свпефдемхе ""уюпаюкюуяйне йскэрспмн-днясцнбне свпефдемхе"" лсмхжхоюкэмнцн напюгнбюмхъ ""уюпаюкюуяйхи мюякец"" бепумебхкчияйнцн сксяю (пюинмю) пеяосакхйх яюую (ъйсрхъ)";уюпаюкюуяйне йдс лас;1407007347;f70ace00-a231-11e9-83a1-005056c00008
0п-000130;"лсмхжхоюкэмне ачдфермне свпефдемхе ""унпхмяйне йскэрспмн-днясцнбне свпефдемхе хлемх юкейяюмдпю длхрпхебхвю тхкхоонбю"" лсмхжхоюкэмнцн напюгнбюмхъ ""унпхмяйхи мюякец"" лсмхжхоюкэмнцн пюинмю ""бепумебхкчияйхи скся (пюинм)""";унпхмяйне йдс хл. ю.д.тхкхоонбю лас;1407007467;f70ace00-a231-11e9-83a1-005056c00008
0п-000131;"лсмхжхоюкэмне ачдфермне свпефдемхе ""нмунияйхи жемрп днясцю"" лсмхжхоюкэмнцн напюгнбюмхъ ""нмунияйхи мюякец"" лсмхжхоюкэмнцн пюинмю ""бепумебхкчияйхи скся (пюинм)"" пеяосакхйх яюую (ъйсрхъ)";нмунияйхи жд лас;1407006760;f70ace00-a231-11e9-83a1-005056c00008
0п-000132;"лсмхжхоюкэмне ачдфермне свпефдемхе ""дчккчйхмяйне йскэрспмн-днясцнбне свпефдемхе"" лсмхжхоюкэмнцн напюгнбюмхъ ""дчккчйхмяйхи мюякец""";дчккчйхмяйне йдс;1407007107;f70ace00-a231-11e9-83a1-005056c00008
0п-000133;"лсмхжхоюкэмне ачдфермне свпефдемхе ""лщихйяйне йскэрспмн-днясцнбне свпефдемхе"" лсмхжхоюкэмнцн напюгнбюмхъ ""лщихйяйхи мюякец""";лщихйяйне йдс;1407007202;f70ace00-a231-11e9-83a1-005056c00008
0п-000134;"лсмхжхоюкэмне ачдфермне свпефдемхе ""дюкшпяйне йскэрспмн-днясцнбне свпефдемхе"" лсмхжхоюкэмнцн напюгнбюмхъ ""дюкшпяйхи мюякец""";дюкшпяйне йдс;1407007530;f70ace00-a231-11e9-83a1-005056c00008
0п-000135;"лсмхжхоюкэмне ачдфермне свпефдемхе ""йшпшйшияйне йскэрспмн-днясцнбне свпефдемхе"" лсмхжхоюкэмнцн напюгнбюмхъ ""йшпшйшияйхи мюякец"" бепумебхкчияйнцн сксяю (пюинмю)";йшпшйшияйне йдс лас;1407007153;f70ace00-a231-11e9-83a1-005056c00008
0п-000136;"лсмхжхоюкэмне ачдфермне свпефдемхе ""люцюяяйхи жемрп йскэрспш х днясцю"" лсмхжхоюкэмнцн напюгнбюмхъ ""люцюяяйхи мюякец""";люцюяяйхи жйхд лас;1407007121;f70ace00-a231-11e9-83a1-005056c00008
0п-000137;"лсмхжхоюкэмне ачдфермне свпефдемхе ""рснасихмяйхи йскэрспмн-яонпрхбмши йнлокейя ""яюидюл""";рснасихмяйхи йяй яюидюл лас;1407007065;f70ace00-a231-11e9-83a1-005056c00008
0п-000138;"цнясдюпярбеммне смхрюпмне опедопхърхе ""фхкхымн-йнллсмюкэмне унгъиярбн пеяосакхйх яюую (ъйсрхъ)""";фйу пя (ъ) цсо;1435133520;f70ace00-a231-11e9-83a1-005056c00008
0п-000139;"цнясдюпярбеммне юбрнмнлмне свпефдемхе пеяосакхйх яюую (ъйсрхъ) ""ъйсркеяпеяспя""";"цюс пя(ъ) ""ъйсркеяпеяспя""";1435197869;f70ace00-a231-11e9-83a1-005056c00008
0с-000001;;пЮЯЯПНВЙЮ;;f70ace00-a231-11e9-83a1-005056c00008
ян-000007;"лсмхжхоюкэмне ачдфермне дньйнкэмне напюгнбюрекэмне свпефдемхе ""деряйхи яюд ""рюмчью"" лсмхжхоюкэмнцн пюинмю ""бепумебхкчияйхи скся (пюинм)"" пеяосакхйх яюую (ъйсрхъ)";рюмчью ладнс;1407004829;f70ace00-a231-11e9-83a1-005056c00008
0п-000170;"леярмюъ наыеярбеммюъ нпцюмхгюжхъ онлных яелэъл, нйюгюбьхляъ б рпсдмни фхгмеммни яхрсюжхх ""цюплнмхъ"" бепумебхкчияйнцн сксяю пеяосакхйх яюую (ъйсрхъ)";цюплнмхъ бепумебхкчияйнцн сксяю лнн;1407008559;f70ace00-a231-11e9-83a1-005056c00008
0п-000178;"лсмхжхоюкэмне ачдфермне свпефдемхе ""мюляйне йскэрспмн-днясцнбне свпефдемхе"" лсмхжхоюкэмнцн напюгнбюмхъ ""мюляйхи мюякец"" бепумебхкчияйнцн сксяю (пюинмю) пеяосакхйх яюую (ъйсрхъ)";мюляйне йдс лас;1407006618;f70ace00-a231-11e9-83a1-005056c00008
0п-000180;"лсмхжхоюкэмне ачдфермне дньйнкэмне напюгнбюрекэмне свпефдемхе ""деряйхи яюд ""рскксйвююм-нр"" лсмхжхоюкэмнцн пюинмю ""бепумебхкчияйхи скся (пюинм)"" пеяосакхйх яюую (ъйсрхъ)";"лсмхжхоюкэмне ачдфермне дньйнкэмне напюгнбюрекэмне свпефдемхе ""деряйхи яюд ""рскксйвююм-нр"" лсмхжхоюк";1407004603;f70ace00-a231-11e9-83a1-005056c00008
0п-000181;"сксямши (пюинммши) янбер - опедярюбхрекэмши нпцюм лсмхжхоюкэмнцн пюинмю ""бепумебхкчияйхи скся (пюинм)"" пеяосакхйх яюую (ъйсрхъ)";"сксямши (пюинммши) янбер лп ""бепумебхкчияйхи скся (пюинм)"" пя(ъ)";1407006417;f70ace00-a231-11e9-83a1-005056c00008
0п-000182;"юдлхмхярпюжхъ лсмхжхоюкэмнцн напюгнбюмхъ ""ашпюйюмяйхи мюякец"" бепумебхкчияйнцн сксяю (пюинмю) пеяосакхйх яюую (ъйсрхъ)";"юдлхмхярпюжхъ лн ""ашпюйюмяйхи мюякец""";1407006128;f70ace00-a231-11e9-83a1-005056c00008
0п-000186;"юйжхнмепмши йнллепвеяйхи аюмй ""юклюгщпцхщмаюмй"" юйжхнмепмне наыеярбн";юклюгщпцхщмаюмй юн юйа;1435138944;f70ace00-a231-11e9-83a1-005056c00008
0п-000193;"лсмхжхоюкэмне ачдфермне наыенапюгнбюрекэмне свпефдемхе ""йсдсмяйюъ мювюкэмюъ ьйнкю - деряйхи яюд"" лсмхжхоюкэмнцн пюинмю ""бепумебхкчияйхи скся (пюинм)"" пеяосакхйх яюую (ъйсрхъ)";ланс йсдсмяйюъ мь-дя;1407004434;f70ace00-a231-11e9-83a1-005056c00008
0п-000196;"лсмхжхоюкэмне ачдфермне свпефдемхе ""едчцеияйхи йскэрспмн-днясцнбши жемрп""";ейдж;1407006382;f70ace00-a231-11e9-83a1-005056c00008
0п-000199;"яекэяйнунгъиярбеммши онрпеахрекэяйхи нунрмхвэе-пшанкнбмн-опнлшякнбши йнноепюрхб ""бепумебхкчияй"" бепумебхкчияйнцн сксяю";бепумебхкчияй бепумебхкчияйнцн сксяю яуонпой;1407007315;f70ace00-a231-11e9-83a1-005056c00008
0п-000207;"юдлхмхярпюжхъ лсмхжхоюкэмнцн напюгнбюмхъ ""яспцсксйяйхи мюякец"" бепумебхкчияйнцн сксяю (пюинмю) пеяосакхйх яюую (ъйсрхъ)";яспцсксйяйхи мюякец лн;1407006022;f70ace00-a231-11e9-83a1-005056c00008
0п-000208;"юдлхмхярпюжхъ лсмхжхоюкэмнцн напюгнбюмхъ ""унпхмяйхи мюякец""";"юдлхмхярпюжхъ лсмхжхоюкэмнцн напюгнбюмхъ ""унпхмяйхи мюякец""";1407005950;f70ace00-a231-11e9-83a1-005056c00008
0п-000209;"цнясдюпярбеммне йюгеммне свпефдемхе пеяосакхйх яюую (ъйсрхъ) ""бепумебхкчияйне кеямхвеярбн""";"цйс пя (ъ) ""бепумебхкчияйне кеямхвеярбн""";1407001000;f70ace00-a231-11e9-83a1-005056c00008
0п-000210;"бепумебхкчияйюъ сксямюъ наыеярбеммюъ нпцюмхгюжхъ наыеярбеммни нпцюмхгюжхх ""ъйсряйни пеяосакхйюмяйни нпцюмхгюжхх бяепняяхияйнцн наыеярбю хмбюкхднб""";бснннн ъпн бнх;1407003215;f70ace00-a231-11e9-83a1-005056c00008
0п-000211;"лсмхжхоюкэмне ачдфермне наыенапюгнбюрекэмне свпефдемхе ""нпнясмяйюъ япедмъъ наыенапюгнбюрекэмюъ ьйнкю"" лсмхжхоюкэмнцн пюинмю ""бепумебхкчияйхи скся (пюинм)"" пеяосакхйх яюую (ъйсрхъ)";ланс нпнясмяйюъ янь;1407004346;f70ace00-a231-11e9-83a1-005056c00008
0п-000212;"йнмрпнкэмн-явермюъ оюкюрю лсмхжхоюкэмнцн пюинмю ""бепумебхкчияйхи скся (пюинм)"" пеяосакхйх яюую (ъйсрхъ)";"йнмрпнкэмн-явермюъ оюкюрю лп ""бепумебхкчияйхи скся (пюинм)"" пя(ъ)";1407006424;f70ace00-a231-11e9-83a1-005056c00008
0п-000216;"лсмхжхоюкэмне ачдфермне наыенапюгнбюрекэмне свпефдемхе ""яспцсксйяйюъ япедмъъ наыенапюгнбюрекэмюъ ьйнкю хлемх апюрэеб анеяйнпнбшу"" лсмхжхоюкэмнцн пюинмю ""бепумебхкчияйхи скся (пюинм)"" пеяосакхйх яюую (ъйсрхъ)";яспцсксйяйюъ янь хлемх апюрэеб анеяйнпнбшу ланс;1407004480;f70ace00-a231-11e9-83a1-005056c00008
0п-000219;"мюякефмюъ юдлхмхярпюжхъ лсмхжхоюкэмнцн напюгнбюмхъ ""рснасихмяйхи мюякец""";"мюякефмюъ юдлхмхярпюжхъ лн ""рснасихмяйхи мюякец""";1407006150;f70ace00-a231-11e9-83a1-005056c00008
0п-000221;тнмд пюгбхрхъ люкнцн опедопхмхлюрекэярбю бепумебхкчияйнцн сксяю пеяосакхйх яюую (ъйсрхъ);тпло бепумебхкчияйнцн сксяю;1407004240;f70ace00-a231-11e9-83a1-005056c00008
0п-000222;"нАЫЕЯРБН Я НЦПЮМХВЕММНИ НРБЕРЯРБЕММНЯРЭЧ ""ббй-цпсоо""";ббй-цпсоо ннн;1407008460;f70ace00-a231-11e9-83a1-005056c00008
0п-000224;"цнясдюпярбеммне ачдфермне наыенапюгнбюрекэмне свпефдемхе пеяосакхйх яюую (ъйсрхъ) я сцксакеммшл хгсвемхел нрдекэмшу опедлернб ""бепумебхкчияйхи пеяосакхйюмяйхи кхжеи-хмрепмюр л.ю. юкейяеебю""";"цанс пя(ъ)""ббпкх л.ю. юкейяеебю""";1407001271;f70ace00-a231-11e9-83a1-005056c00008
0п-000225;"юЙЖХНМЕПМНЕ НАЫЕЯРБН ""яюуюметрецюгяашр""";яюуюметрецюгяашр юн;1435115270;f70ace00-a231-11e9-83a1-005056c00008
0п-000227;"юЙЖХНМЕПМНЕ НАЫЕЯРБН ""цпсоою ярпюунбшу йнлоюмхи ""чцнпхъ""";цяй чцнпхъ юн;8601023568;f70ace00-a231-11e9-83a1-005056c00008
0п-000228;;рЕППХРНПХЮКЭМЮЪ ХГАХПЮРЕКЭМЮЪ ЙНЛХЯЯХЪ;;f70ace00-a231-11e9-83a1-005056c00008
0п-000229;"нАЫЕЯРБН Я НЦПЮМХВЕММНИ НРБЕРЯРБЕММНЯРЭЧ ""ярпнихмфхмхпхмц""";ярпнихмфхмхпхмц ннн;1435334240;f70ace00-a231-11e9-83a1-005056c00008
0п-000246;"лсмхжхоюкэмне ачдфермне свпефдемхе днонкмхрекэмнцн напюгнбюмхъ ""ьйнкю анйяю"" лсмхжхоюкэмнцн пюинмю ""бепумебхкчияйхи скся (пюинм)"" пеяосакхйх яюую (ъйсрхъ)";ьйнкю анйяю лас дн;1407008245;f70ace00-a231-11e9-83a1-005056c00008
0п-000248;"лсмхжхоюкэмне ачдфермне свпефдемхе днонкмхрекэмнцн напюгнбюмхъ ""деряйн-чмньеяйюъ яонпрхбмюъ ьйнкю"" лсмхжхоюкэмнцн пюинмю ""бепумебхкчияйхи скся (пюинм)"" пеяосакхйх яюую (ъйсрхъ)";дчяь лас дн;1407004963;f70ace00-a231-11e9-83a1-005056c00008
0п-000249;;"лас дн ""жЕМРП МЮПНДМНИ ОЕДЮЦНЦХЙХ ХЛ. й.я. вХПЪЕБЮ""";000000000000;f70ace00-a231-11e9-83a1-005056c00008
0п-000264;"цнясдюпярбеммне йюгеммне свпефдемхе пеяосакхйх яюую (ъйсрхъ) ""бепумебхкчияйхи янжхюкэмн-пеюахкхрюжхнммши жемрп дкъ меянбепьеммнкермху""";цйс пя (ъ) ╚ббяпжм╩;1407006745;f70ace00-a231-11e9-83a1-005056c00008
0п-000265;"лсмхжхоюкэмне ачдфермне наыенапюгнбюрекэмне свпефдемхе ""нпцеряйюъ япедмъъ наыенапюгнбюрекэмюъ ьйнкю хлемх р.х.оерпнбю"" лсмхжхоюкэмнцн пюинмю ""бепумебхкчияйхи скся (пюинм)"" пеяосакхйх яюую (ъйсрхъ)";"ланс ""нПЦЕРЯЙЮЪ янь""";1407004473;f70ace00-a231-11e9-83a1-005056c00008
0п-000267;;"лйс ""сОПЮБКЕМХЕ ЯЕКЭЯЙНЦН УНГЪИЯРБЮ"" лп бЕПУМЕБХКЧИЯЙХИ СКСЯ(ПЮИНМ) пя(ъ)";000000000000;f70ace00-a231-11e9-83a1-005056c00008
0п-000269;;"ннн ""юКЭЪМЯ""";1435162023;f70ace00-a231-11e9-83a1-005056c00008
0п-000270;"лйс ""бЕПУМЕБХКЧИЯЙЮЪ ЛЕФОНЯЕКЕМВЕЯЙЮЪ ЖЕМРПЮКХГНБЮММЮЪ АХАКХНРЕВМЮЪ ЯХЯРЕЛЮ""";"лйс бб лж ая ""бЕПУМЕБХКЧИЯЙЮЪ ЛЕФОНЯЕКЕМВЕЯЙЮЪ ЖЕМРПЮКХГНБЮММЮЪ АХАКХНРЕВМЮЪ ЯХЯРЕЛЮ""";1407005660;f70ace00-a231-11e9-83a1-005056c00008
0п-000271;"нАЫЕЯРБН Я НЦПЮМХВЕММНИ НРБЕРЯРБЕММНЯРЭЧ ""чцбюярпни""";"ннн ""чцбюярпни""";3811439901;f70ace00-a231-11e9-83a1-005056c00008
0п-000273;;вюо ссярюпю (йсгмежш пндю вюо);1407008654;f70ace00-a231-11e9-83a1-005056c00008
0п-000409;"цюс пя(ъ) ""яЮУЮОЕВЮРЭ""";"цюс пя(ъ) ""яЮУЮОЕВЮРЭ""";1435212010;f70ace00-a231-11e9-83a1-005056c00008
0п-000791;нАЫЕЯРБН Я НЦПЮМХВЕММНИ НРБЕРЯРБЕММНЯРЭЧ дЮПУЮМяРПНИкНЦХЯРХЙ;ннн дЮПУЮМяРПНИкНЦХЯРХЙ;1409001439;f70ace00-a231-11e9-83a1-005056c00008
0п-000792;;"юн ""пхй юбрнднп""";1419005577;f70ace00-a231-11e9-83a1-005056c00008
0п-001022;;хйлн еДЧЦЕИЯЙХИ МЮЯКЕЦ;;f70ace00-a231-11e9-83a1-005056c00008
0п-001054;юмн жЕМРП пЮГБХРХЪ яОНПРХМЦЮ бЕПУМЕБХКЧИЯЙНЦН сКСЯЮ;юмн жЕМРП пЮГБХРХЪ яОНПРХМЦЮ бЕПУМЕБХКЧИЯЙНЦН сКСЯЮ;1407008630;f70ace00-a231-11e9-83a1-005056c00008
0п-001200;"тХКХЮК ""йНЛЛСМРЕОКНЯАШР"" цсо ""фйу пя(ъ)""";"тХКХЮК ""йНЛЛСМРЕОКНЯАШР"" цсо ""фйу пя(ъ)""";1435133520;f70ace00-a231-11e9-83a1-005056c00008
0п-001324;"цйс пя (ъ) ""жЕМРП ГЮМЪРНЯРХ МЮЯЕКЕМХЪ"" пя (ъ)";"цйс пя (ъ) ""жЕМРП ГЮМЪРНЯРХ МЮЯЕКЕМХЪ"" пя (ъ)";1435068800;f70ace00-a231-11e9-83a1-005056c00008
0п-004250;рЮЛЮКЮЙЮМ янь ланс;рЮЛЮКЮЙЮМ янь ланс;1407004427;f70ace00-a231-11e9-83a1-005056c00008
0п-006977;"яонй ""шИШКЮЯ""";"яонй ""шИШКЮЯ""";;f70ace00-a231-11e9-83a1-005056c00008
0п-007082;"нАЫЕЯРБН Я НЦПЮМХВЕММНИ НРБЕРЯРБЕММНЯРЭЧ ""рсрсс яюую""";"ннн "" рсрсс яюую""";1407008291;f70ace00-a231-11e9-83a1-005056c00008
0п-007490;еТПЕЛНБ пНДХНМ пНДХНМНБХВ хо;еТПЕЛНБ пНДХНМ пНДХНМНБХВ хо;140701425176;f70ace00-a231-11e9-83a1-005056c00008
0п-007842;;яНЖХЮКЭМШИ;;f70ace00-a231-11e9-83a1-005056c00008
0п-007845;сВЮЯРЙНБЮЪ ХГАХПЮРЕКЭМЮЪ ЙНЛХЯЯХЪ ╧81;сВЮЯРЙНБЮЪ ХГАХПЮРЕКЭМЮЪ ЙНЛХЯЯХЪ ╧81;0000000000;f70ace00-a231-11e9-83a1-005056c00008
0п-008262;сВЮЯРЙНБЮЪ ХГАХПЮРЕКЭМЮЪ ЙНЛХЯЯХЪ ╧101;сВЮЯРЙНБЮЪ ХГАХПЮРЕКЭМЮЪ ЙНЛХЯЯХЪ ╧101;;f70ace00-a231-11e9-83a1-005056c00008
